{
  "Buenos Aires": 38.16,
  "Córdoba": 8.64,
  "Santa Fe": 7.72,
  "Ciudad de Buenos Aires": 6.78,
  "Mendoza": 4.38,
  "Tucumán": 3.7,
  "Salta": 3.13,
  "Entre Ríos": 3.1,
  "Misiones": 2.78,
  "Corrientes": 2.6,
  "Chaco": 2.48,
  "Santiago del Estero": 2.29,
  "San Juan": 1.78,
  "Jujuy": 1.73,
  "Río Negro": 1.66,
  "Neuquén": 1.58,
  "Formosa": 1.32,
  "Chubut": 1.31,
  "San Luis": 1.17,
  "Catamarca": 0.93,
  "La Rioja": 0.84,
  "La Pampa": 0.79,
  "Santa Cruz": 0.72,
  "Tierra del Fuego": 0.41
}
